<?xml version="1.0" encoding="UTF-8"?>
<project-private xmlns="http://www.netbeans.org/ns/project-private/1">
    <editor-bookmarks xmlns="http://www.netbeans.org/ns/editor-bookmarks/2" lastBookmarkId="0"/>
    <open-files xmlns="http://www.netbeans.org/ns/projectui-open-files/2">
        <group>
            <file>file:/C:/Users/Amaan%20Khojani/Documents/NetBeansProjects/BCA_JAVAPROJECT/src/check_ticket.java</file>
            <file>file:/C:/Users/Amaan%20Khojani/Documents/NetBeansProjects/BCA_JAVAPROJECT/src/check_train_schedule.java</file>
            <file>file:/C:/Users/Amaan%20Khojani/Documents/NetBeansProjects/BCA_JAVAPROJECT/src/check_availability.java</file>
            <file>file:/C:/Users/Amaan%20Khojani/Documents/NetBeansProjects/BCA_JAVAPROJECT/src/LOGIN.java</file>
            <file>file:/C:/Users/Amaan%20Khojani/Documents/NetBeansProjects/BCA_JAVAPROJECT/src/cancel_ticket.java</file>
            <file>file:/C:/Users/Amaan%20Khojani/Documents/NetBeansProjects/BCA_JAVAPROJECT/src/signup.java</file>
            <file>file:/C:/Users/Amaan%20Khojani/Documents/NetBeansProjects/BCA_JAVAPROJECT/src/mainscreen.java</file>
            <file>file:/C:/Users/Amaan%20Khojani/Documents/NetBeansProjects/BCA_JAVAPROJECT/src/bookticket.java</file>
        </group>
    </open-files>
</project-private>
